id,first_name,last_name,email,ip_address,color,car_vin,car_company,car_model,car_model_year,car_price,country,city,date9,Antonella,Riepl,ariepl8@mediafire.com,169.75.223.75,#7c776f,2D4RN5D13AR749927,Dodge,Neon,2004,18117.79,Poland,Dobrzyca
13,Nester,Caurah,ncaurahc@google.fr,70.71.96.24,#4e0fab,2C3CDXHG5EH264592,Dodge,Charger,2009,75360.35,Germany,Berlin
17,Gerty,Mouse,gmouseg@alexa.com,23.47.231.189,#7aef95,3GYT4MEF1DG663367,Dodge,Ram Van 1500,1999,6048.17,Czech Republic,Zákupy
39,Delores,Wye,dwye12@fotki.com,166.186.146.27,#3bcc7f,1YVHZ8BH3B5464829,Dodge,D150 Club,1992,45687.25,Poland,Skorogoszcz
56,Gerladina,Bonifas,gbonifas1j@nytimes.com,86.232.119.84,#41c993,19XFB4F21FE114495,Dodge,Grand Caravan,1995,28993.93,Czech Republic,Mikulovice
61,Emelina,Quilter,equilter1o@cisco.com,225.139.20.128,#8b5783,1N6AA0EK9FN039447,Dodge,Dakota Club,2002,15054.17,Czech Republic,Strančice
125,Gae,Lumox,glumox3g@vkontakte.ru,70.104.8.190,#d64ec1,WAUBF98E48A446067,Dodge,Grand Caravan,2007,15038.94,Czech Republic,Zastávka
139,Pietrek,Gallahar,pgallahar3u@springer.com,147.211.96.165,#4977be,WBAKA4C53BC902323,Dodge,Ram 1500,2008,98109.15,Czech Republic,Golčův Jeníkov
141,Eden,Scamadin,escamadin3w@photobucket.com,125.62.186.223,#79753b,4T1BF1FKXDU192155,Dodge,Stratus,2004,75713.09,Czech Republic,Kobeřice
170,Korney,Teffrey,kteffrey4p@npr.org,7.67.205.222,#00b2d9,SAJWA4DC4DM603701,Dodge,Dakota Club,1998,24630.42,Poland,Strzelce
224,Augustine,Niles,aniles67@nymag.com,212.220.241.14,#489fe8,5J6YH1H30AL143945,Dodge,Ram 3500 Club,1997,51816.43,Poland,Sarnów
237,Stafani,Varnham,svarnham6k@weather.com,145.239.57.201,#d10e87,SALAG2D44DA741088,Dodge,Ram Van 1500,1996,37628.39,Czech Republic,Fryčovice
242,Orsa,Abbotson,oabbotson6p@mtv.com,60.105.181.167,#c4a6ed,1B3CB5HA1AD958772,Dodge,Daytona,1984,65849.56,Poland,Wola Uhruska
283,Julio,Stickles,jstickles7u@ehow.com,188.10.28.24,#6a2893,1G6DC8EY0B0176915,Dodge,Magnum,2006,64382.28,Poland,Świdnica
298,Emyle,Ridpath,eridpath89@imgur.com,133.30.210.65,#37f526,JN1BY1AP2EM933890,Dodge,Dakota Club,1993,996.28,Poland,Wińsko
320,Kristen,Girardez,kgirardez8v@hugedomains.com,90.225.67.178,#475f71,4T1BF1FK9EU502698,Dodge,Grand Caravan,2001,77010.83,Poland,Włocławek
327,Morna,Arons,marons92@delicious.com,28.117.126.136,#a6311e,JTHBL5EF7F1735134,Dodge,Stratus,2005,48100.31,Poland,Promna
407,Gracia,Falconar,gfalconarba@techcrunch.com,96.144.138.187,#e595dc,WP0CA2A88AS487514,Dodge,Ram Van 2500,1999,58406.23,Czech Republic,Horní Libina
432,Gunther,Malby,gmalbybz@diigo.com,185.78.75.188,#165da5,SALAB2D4XDA837242,Dodge,Caravan,2000,2124.36,Poland,Stoczek
435,Chadwick,Bonn,cbonnc2@bizjournals.com,64.141.16.38,#70f22c,1FTEX1CM2DF720034,Dodge,Ram 2500 Club,1999,56625.93,Poland,Rydzyna
459,Darren,Baskerville,dbaskervillecq@exblog.jp,62.248.212.213,#c4fe53,2HNYD18236H138164,Dodge,Charger,2009,58401.94,Czech Republic,Černý Most
491,Dulcinea,Seery,dseerydm@tuttocitta.it,194.248.44.87,#7e0b48,SCBCU7ZA2BC744712,Dodge,Ram Van B350,1994,66831.50,Poland,Zbytków
499,Jackson,Grzegorzewicz,jgrzegorzewiczdu@123-reg.co.uk,158.96.196.114,#410bb7,5LMJJ2H52AE787432,Dodge,Viper,1993,41325.74,Poland,Studzionka
528,Karol,Gaiter,kgaiteren@tuttocitta.it,158.241.79.27,#7a516c,SCFFDCCD3CG713101,Dodge,Dakota,1992,99938.19,Poland,Mazańcowice
542,Cosimo,Filimore,cfilimoref1@ovh.net,226.187.123.119,#6a59a1,5BZBF0AA3FN404954,Dodge,Dakota,1995,39865.22,Poland,Goworowo
545,Pam,Nuschke,pnuschkef4@mapquest.com,235.11.16.87,#891356,WBA3D5C5XEF924890,Dodge,Stratus,1998,7386.62,Poland,Nowe Skalmierzyce
548,Wynn,Hugues,whuguesf7@umich.edu,156.161.210.4,#1b86ad,1G6DJ8E34D0994323,Dodge,Ram Van B250,1994,23476.59,Poland,Zbrosławice
558,Kimmi,Bausor,kbausorfh@economist.com,134.174.249.133,#34de8d,WBABD33495J025040,Dodge,Ram Van 1500,1999,27569.23,Poland,Gorzów Wielkopolski
565,Wenonah,Goundry,wgoundryfo@dropbox.com,146.22.89.181,#f9fbdc,1G4GC5EG8AF688929,Dodge,Dakota,1993,94078.77,Poland,Suraż
576,Florrie,Hayesman,fhayesmanfz@multiply.com,32.194.206.72,#e3ba22,WBA3B1G56EN934993,Dodge,Grand Caravan,1995,18931.15,Poland,Smolec
607,Thaxter,Wignall,twignallgu@unblog.fr,200.190.196.243,#b11a14,WBABS534X2E025988,Dodge,Ram Wagon B250,1994,47066.16,Poland,Ursynów
609,Alvera,Cramb,acrambgw@skype.com,7.131.206.57,#b86be5,1ZVBP8JS2A5298474,Dodge,Avenger,2010,54174.33,Poland,Humniska
620,Dorene,Straughan,dstraughanh7@samsung.com,212.170.85.153,#87fccb,1G6DG577090424744,Dodge,Dakota,2002,91294.44,Czech Republic,Lipov
632,Si,Kinnerk,skinnerkhj@smugmug.com,199.27.53.131,#cae8ea,WBAUP93528V957296,Dodge,Spirit,1992,62428.34,Poland,Książki
634,Mirna,Grainge,mgraingehl@ihg.com,34.229.232.189,#43e59c,1FMJU1G56AE177147,Dodge,Ram Van B350,1992,68013.76,Germany,Hamburg
645,Myrah,Wilcocke,mwilcockehw@cbc.ca,219.236.232.243,#3a57c5,5N1AR2MM5EC088001,Dodge,Avenger,1997,47767.09,Poland,Rogóźno
673,Katusha,Hayer,khayerio@springer.com,124.225.87.39,#97d0f2,WA1CMBFP9FA152843,Dodge,Grand Caravan,2003,61882.08,Czech Republic,Kraslice
675,Sheelah,Peachey,speacheyiq@github.io,244.7.97.169,#b80aa7,1G6YV36A675573460,Dodge,Viper RT/10,1995,42522.73,Poland,Ornontowice
677,Sib,Morena,smorenais@symantec.com,117.161.99.47,#54b333,WBAFR9C50BD074264,Dodge,Ram Wagon B250,1994,34367.40,Denmark,Frederiksberg
681,Barnabas,Grinsdale,bgrinsdaleiw@foxnews.com,97.143.174.239,#2d6d7d,2G4WC582X61377707,Dodge,Grand Caravan,2007,28163.77,Poland,Stepnica
749,Daffy,Baudains,dbaudainsks@sphinn.com,101.5.63.49,#c2f451,WBAPK7C5XAA490125,Dodge,Durango,2009,45584.85,Poland,Ochla
765,Fredrika,Kleynen,fkleynenl8@e-recht24.de,39.193.180.228,#e3928f,3D7TP2CT1BG169068,Dodge,Ram Van 2500,1997,93066.99,Poland,Prusice
771,Mikol,Ends,mendsle@sohu.com,198.228.2.241,#20f083,1FTWF3A53AE771803,Dodge,Ram 2500 Club,1996,32511.62,Poland,Odolanów
844,Vlad,Stiffkins,vstiffkinsnf@wikimedia.org,229.169.5.122,#d50975,SALAB2V64EA427540,Dodge,Ram 1500,2006,97540.72,Poland,Szemud
853,Francine,Shreeves,fshreevesno@surveymonkey.com,229.34.247.205,#fff295,5TFBM5F12AX467021,Dodge,Charger,2012,96970.36,Czech Republic,Český Těšín
872,Michelle,Rounsefell,mrounsefello7@chronoengine.com,127.142.126.71,#d397c2,NM0KS9BN6DT608431,Dodge,Ram Van B150,1994,94292.51,Poland,Mętków
884,Roseann,June,rjuneoj@unicef.org,3.65.84.237,#347e3e,WAUVFAFH9AN251169,Dodge,Stratus,2003,78182.91,Czech Republic,Valdice
918,Brandyn,Rean,breanph@xinhuanet.com,237.74.32.111,#54d872,WA1LMAFE7ED633440,Dodge,Neon,2003,84507.12,Czech Republic,Louny
929,Annissa,Beernt,abeerntps@about.me,231.81.164.97,#c4ee83,1GYS3CEF6BR619628,Dodge,Caravan,2010,84143.31,Czech Republic,Horní Štěpánov
946,Claudetta,Dorrance,cdorranceq9@ft.com,58.120.252.39,#41c53f,WBANW5C55AC276163,Dodge,Ram Wagon B350,1992,81464.86,Poland,Gręboszów
956,Alon,Ziemen,aziemenqj@tripod.com,6.117.243.92,#35969e,WBY2Z2C55FV190146,Dodge,Caravan,1999,24546.55,Czech Republic,Velký Újezd
967,Jedd,Pointon,jpointonqu@flickr.com,30.221.214.139,#0caf98,WBAEN33432P150697,Dodge,Ram 2500,1994,60999.32,Poland,Jastrowie
