id,first_name,last_name,email,ip_address,color,car_vin,car_company,car_model,car_model_year,car_price,country,city,date27,Carmen,Bowen,cbowenq@nationalgeographic.com,63.239.51.206,#3fb1cf,WAUGL98E25A270887,Mercedes-Benz,E-Class,2005,59050.98,Germany,Kassel
47,Jarrid,Andreotti,jandreotti1a@acquirethisname.com,38.184.194.184,#0ba4ce,WAUDGAFL5DA732884,Mercedes-Benz,CLS-Class,2011,3183.57,Poland,Drawsko Pomorskie
50,Sollie,Palatino,spalatino1d@linkedin.com,37.149.119.171,#a8deac,5GAEV23D39J957670,Mercedes-Benz,SLS AMG,2012,6369.83,Czech Republic,Znojmo
59,Julieta,Havock,jhavock1m@sohu.com,104.226.28.113,#24f4f5,WBSDX9C54BE066526,Mercedes-Benz,SL-Class,1984,42147.27,Poland,Sanok
69,Arley,Blouet,ablouet1w@npr.org,98.161.76.178,#7a8ce0,WBAEU334X4P114527,Mercedes-Benz,E-Class,1995,64393.66,Poland,Wojnicz
85,Cosmo,McOnie,cmconie2c@oracle.com,155.69.105.106,#9f9316,JHMFB4F21CS468704,Mercedes-Benz,SL65 AMG,2006,12734.28,Czech Republic,Heřmanův Městec
128,Brigida,Keen,bkeen3j@networksolutions.com,217.225.65.146,#e739e1,4T1BF3EKXBU205285,Mercedes-Benz,G-Class,2005,91226.32,Poland,Piaski
134,Grace,Carr,gcarr3p@cam.ac.uk,87.222.37.8,#e5c96c,1C4AJWAG4DL069732,Mercedes-Benz,C-Class,2006,24707.10,Poland,Bałtów
172,Bride,Empleton,bempleton4r@businessinsider.com,158.253.160.205,#7210c9,2C3CDXCT7CH704409,Mercedes-Benz,300D,1992,17810.02,Poland,Dąbrowice
187,Ailey,Usborn,ausborn56@deliciousdays.com,147.164.79.146,#1b8856,1FTEW1E8XAF520680,Mercedes-Benz,M-Class,2002,98107.82,Poland,Kożuchów
248,Karmen,Murrow,kmurrow6v@psu.edu,101.103.206.79,#4f8cbf,5UXFG2C51E0621889,Mercedes-Benz,C-Class,2006,32785.51,Poland,Regimin
294,Starlin,Wayvill,swayvill85@uol.com.br,49.150.247.241,#7e919e,4JGDA0EB2FA562733,Mercedes-Benz,SLK-Class,2012,45019.57,Czech Republic,Oldřišov
338,Jeniece,Towers,jtowers9d@t-online.de,33.140.164.241,#36937c,1G6AE5SX6D0613116,Mercedes-Benz,CLK-Class,2005,93260.59,Germany,Mainz
341,Kathy,Lount,klount9g@sakura.ne.jp,71.81.245.90,#b5bdc8,WAUFFAFL0FA626387,Mercedes-Benz,E-Class,1993,42460.73,Czech Republic,Horka nad Moravou
356,Kariotta,Gittens,kgittens9v@people.com.cn,1.240.115.76,#d3005a,4T3BA3BB4DU468000,Mercedes-Benz,R-Class,2011,69554.95,Poland,Stryków
362,Maxie,Riccardini,mriccardinia1@alexa.com,238.58.249.186,#7da7af,1N6AA0CAXCN717418,Mercedes-Benz,W201,1985,93000.95,Czech Republic,Otaslavice
371,Florella,Faivre,ffaivreaa@taobao.com,220.249.190.204,#8f4944,WBAAZ33475K024301,Mercedes-Benz,SL-Class,1999,16464.10,Germany,Hamburg
425,Elfrieda,Poznan,epoznanbs@microsoft.com,65.53.105.127,#16c4ce,WAUEH94F46N957726,Mercedes-Benz,S-Class,2006,63444.94,Poland,Cielądz
436,Loralee,Gammell,lgammellc3@canalblog.com,108.77.9.62,#bfc2d7,19VDE1F72DE536824,Mercedes-Benz,300E,1992,69282.52,Poland,Imielin
480,Paulie,Allso,pallsodb@naver.com,11.169.68.80,#49e867,1GYS3CEF4ER538647,Mercedes-Benz,SLK-Class,2002,66904.75,Poland,Łapsze Niżne
543,Daryle,Eul,deulf2@technorati.com,100.29.120.198,#1c2cb0,2D4RN3D18AR025963,Mercedes-Benz,R-Class,2008,40634.21,Poland,Pecna
608,Niki,Ramshay,nramshaygv@buzzfeed.com,202.36.11.136,#2f46a1,JTMHY7AJ8E4324454,Mercedes-Benz,R-Class,2006,19967.40,Czech Republic,Sviadnov
611,Don,Nuemann,dnuemanngy@rediff.com,208.98.91.86,#3c0bc2,1G4HP52KX4U461274,Mercedes-Benz,S-Class,2008,80139.84,Germany,Hamburg
635,Helli,Atchly,hatchlyhm@hatena.ne.jp,132.170.78.198,#d965a1,2HNYD18293H884663,Mercedes-Benz,SLK-Class,2011,69094.53,Poland,Kabaty
656,Clyve,Hart,charti7@rediff.com,2.166.229.34,#42cc46,TRURD28N461598920,Mercedes-Benz,SLR McLaren,2007,98123.27,Poland,Drobin
659,Doloritas,Finker,dfinkeria@unicef.org,117.203.210.120,#1b0751,SCBLE47K88C474045,Mercedes-Benz,CL65 AMG,2009,59195.01,Poland,Wierzchosławice
680,Waylin,Sofe,wsofeiv@berkeley.edu,62.163.35.64,#417bbe,YV4902DZ0B2091187,Mercedes-Benz,G-Class,2012,30421.46,Czech Republic,Lípa
710,Liuka,Gronno,lgronnojp@clickbank.net,24.237.139.160,#63b385,5N1AN0NU5DN788618,Mercedes-Benz,SLK-Class,2008,17927.78,Poland,Nowa Góra
729,Tierney,Bullent,tbullentk8@ibm.com,8.8.111.155,#f2bd67,1C4AJWAG0FL779908,Mercedes-Benz,M-Class,2010,76751.56,Poland,Kamieniec Wrocławski
733,Gaylord,Dosedale,gdosedalekc@hugedomains.com,202.25.221.17,#2b1164,1C3CCBAG0EN919801,Mercedes-Benz,SL-Class,2009,81517.63,Czech Republic,Višňova
740,Philippine,Newman,pnewmankj@github.io,32.160.93.106,#734857,2HNYD288X8H248397,Mercedes-Benz,S-Class,1989,32875.67,Czech Republic,Vyškov
781,Kerry,Eaddy,keaddylo@livejournal.com,179.65.199.129,#a3be82,1FTEW1CFXFK468130,Mercedes-Benz,SL-Class,1994,4799.02,Poland,Zielona Góra
785,Elton,MacLaughlin,emaclaughlinls@feedburner.com,63.57.95.167,#d981fa,WVGAV7AX9FW335673,Mercedes-Benz,C-Class,1999,87503.18,Czech Republic,Petrov
796,Florence,Shepton,fsheptonm3@mapy.cz,4.65.18.55,#772c62,1GD422CG5EF564985,Mercedes-Benz,CL-Class,2006,77944.64,Czech Republic,Bludov
805,Darline,Yakobowitz,dyakobowitzmc@etsy.com,187.112.158.190,#59c853,JN8AS1MU1AM533426,Mercedes-Benz,E-Class,1996,54876.31,Czech Republic,Předměřice nad Labem
811,Radcliffe,Petit,rpetitmi@bloglovin.com,183.151.43.158,#f56d72,5N1BA0NE5FN170324,Mercedes-Benz,SL-Class,2003,66284.37,Poland,Sędziejowice
819,Babette,Brayshaw,bbrayshawmq@tamu.edu,252.133.3.111,#4b9540,3D73Y3CL4BG766346,Mercedes-Benz,SLS AMG,2011,79588.99,Czech Republic,Líně
861,Bob,Allbrook,ballbrooknw@princeton.edu,6.79.11.37,#792007,3TMJU4GN3EM074082,Mercedes-Benz,W201,1992,86538.44,Poland,Potęgowo
877,Alfy,Nevill,anevilloc@mapy.cz,147.243.148.87,#b668c9,1N6AD0CUXCN912310,Mercedes-Benz,SL-Class,2012,97767.71,Poland,Komorów
901,Ashlee,Dismore,adismorep0@va.gov,74.86.153.49,#c2b7fe,2G4WC582561030950,Mercedes-Benz,W123,1977,44748.84,Germany,Berlin
906,Heinrik,Fewkes,hfewkesp5@zdnet.com,255.212.54.62,#a0ffbe,JTJBM7FX7A5973887,Mercedes-Benz,E-Class,1992,31371.77,Denmark,København
924,Evelin,Trustram,etrustrampn@berkeley.edu,124.231.224.23,#255d32,2C3CDXHG4CH218846,Mercedes-Benz,E-Class,1985,20801.29,Poland,Kołbiel
945,Abe,Mc Comb,amccombq8@chron.com,161.32.18.178,#881729,19VDE1F77FE872469,Mercedes-Benz,C-Class,2007,44998.76,Poland,Olsztynek
951,Christy,Merton,cmertonqe@oaic.gov.au,93.202.134.73,#325ec1,WBA3G7C5XEK034559,Mercedes-Benz,300TE,1992,58487.99,Poland,Klenica
970,Denney,Meechan,dmeechanqx@icq.com,191.96.132.126,#51aa42,1N6AF0KY8EN499949,Mercedes-Benz,SLK-Class,2002,93702.98,Denmark,Frederiksberg
987,Barnie,Skentelbery,bskentelberyre@chicagotribune.com,74.49.83.211,#bb2d06,WBAFB33461L281058,Mercedes-Benz,SL-Class,2011,18686.72,Poland,Opatów
992,Moreen,Darley,mdarleyrj@skyrock.com,123.209.151.121,#334a1b,WAUHFAFL5DA539459,Mercedes-Benz,E-Class,2002,38456.38,Poland,Strachówka
