id,first_name,last_name,email,ip_address,color,car_vin,car_company,car_model,car_model_year,car_price,country,city,date18,Kissee,Paull,kpaullh@blogs.com,226.237.22.103,#9da9d2,WA1LFAFP9CA893316,Chrysler,300M,2003,63058.40,Poland,Niedzica
83,Alethea,Greensted,agreensted2a@blogspot.com,207.120.225.241,#42b5c5,WA1CYBFE6AD346143,Chrysler,Concorde,2001,37644.77,Poland,Łysomice
96,Ali,Chang,achang2n@archive.org,30.226.219.224,#b8342f,3N1CE2CPXFL569911,Chrysler,PT Cruiser,2007,15721.87,Poland,Zielonka
132,Elna,Matyukon,ematyukon3n@tmall.com,70.245.48.64,#1922c4,1GKS1AEC8FR177192,Chrysler,New Yorker,1996,639.91,Czech Republic,Bořitov
147,Taddeusz,Abberley,tabberley42@so-net.ne.jp,96.32.64.77,#57728c,WAUSH98E26A653886,Chrysler,Concorde,2001,6938.73,Poland,Malbork
226,Aundrea,Bail,abail69@guardian.co.uk,192.77.158.95,#c6711e,SALVP2BG3FH478858,Chrysler,PT Cruiser,2003,77632.50,Poland,Goworowo
331,Wayne,Hungerford,whungerford96@cafepress.com,233.189.100.255,#e59c76,1G4HP52K44U838472,Chrysler,Cirrus,2000,52197.41,Czech Republic,Jablunkov
365,Gardy,Smithe,gsmithea4@miibeian.gov.cn,122.77.115.51,#b75cb4,3FA6P0SU1DR045806,Chrysler,PT Cruiser,2001,93248.67,Poland,Rybno
408,Frayda,Asson,fassonbb@ibm.com,122.56.109.141,#46d325,5XYKT3A6XFG661316,Chrysler,300M,2000,38131.86,Poland,Kętrzyn
552,Winnie,Pattisson,wpattissonfb@pagesperso-orange.fr,209.52.195.203,#a77a7f,5GAKVCKD2DJ389334,Chrysler,Concorde,1995,27196.08,Czech Republic,Nýdek
571,Sisely,Burhouse,sburhousefu@reference.com,149.89.251.104,#c7a906,WUAW2AFC2FN180690,Chrysler,Aspen,2008,43763.08,Poland,Dukla
618,Violet,Dartnell,vdartnellh5@admin.ch,26.169.145.212,#2e61c7,1G4HP54KX44137643,Chrysler,Concorde,2000,83447.00,Czech Republic,Březová
704,Clay,Tedder,ctedderjj@umn.edu,213.249.134.20,#4f1f63,19VDE1F58DE165280,Chrysler,Town & Country,2002,31825.27,Poland,Syców
753,Karina,Stainer,kstainerkw@e-recht24.de,190.39.22.207,#e0d33e,3D4PH9FV8AT627616,Chrysler,Sebring,2000,87816.17,Poland,Paprotnia
767,Conney,Derham,cderhamla@tripadvisor.com,161.192.57.99,#89cfd8,WA1YD54B12N562456,Chrysler,Sebring,1998,94816.65,Poland,Rzewnie
866,Clarie,Faragher,cfaraghero1@tumblr.com,162.148.212.146,#503cf7,1C4RDHEG1DC613099,Chrysler,300,1999,91386.40,Poland,Krotoszyn
926,Karyn,Nye,knyepp@gizmodo.com,139.198.175.59,#8fd156,1GYFC53239R755576,Chrysler,Voyager,2003,22886.89,Poland,Kołczygłowy
952,Carley,Double,cdoubleqf@creativecommons.org,79.178.153.173,#cbc8fd,2G4WS55J031845440,Chrysler,Concorde,1996,20549.93,Czech Republic,Bechlín
966,Piotr,Stoffers,pstoffersqt@moonfruit.com,11.207.240.57,#8c01f0,5N1AN0NU2BC475745,Chrysler,Town & Country,2011,67749.86,Czech Republic,Dobřany
