id,first_name,last_name,email,ip_address,color,car_vin,car_company,car_model,car_model_year,car_price,country,city,date119,Arielle,Guilloud,aguilloud3a@instagram.com,68.234.56.80,#d2b6dd,3C6JD6DKXCG825607,Hyundai,Veracruz,2009,9339.93,Czech Republic,Zlín
151,Granthem,Van Salzberger,gvansalzberger46@blinklist.com,53.2.58.249,#f7746e,1B3BD2FB1BN314720,Hyundai,Veracruz,2007,78018.69,Slovakia,Bratislava
220,Katleen,Thirlwell,kthirlwell63@prweb.com,186.43.128.139,#e6eea6,YV1952AS8D1537259,Hyundai,Genesis Coupe,2010,16713.20,Poland,Złoczew
319,Hobey,Brinkler,hbrinkler8u@amazon.co.uk,115.103.9.158,#1425ec,JTHKD5BH7D2683417,Hyundai,Tiburon,2007,64358.19,Germany,Essen
337,Sebastien,Guinan,sguinan9c@istockphoto.com,137.46.185.192,#d3a290,WAUKG68E45A123919,Hyundai,Sonata,1995,59514.90,Czech Republic,Perštejn
357,Beltran,Crosseland,bcrosseland9w@hao123.com,195.239.193.201,#b70c2b,SCFAB01A16G868855,Hyundai,Sonata,2000,7347.83,Poland,Sypniewo
383,Zed,Cyson,zcysonam@360.cn,46.216.196.77,#fd36f8,4T1BF3EK6BU192597,Hyundai,Sonata,2002,37295.71,Poland,Pułtusk
422,Madalena,Sandall,msandallbp@arizona.edu,84.36.173.165,#405af8,19UUA66276A639006,Hyundai,Sonata,1994,71339.39,Czech Republic,Vrdy
477,Minerva,Hinkens,mhinkensd8@hud.gov,64.138.94.136,#75631d,1FMJK1H54BE033876,Hyundai,Tucson,2007,96352.61,Poland,Sosnowiec
482,Sebastiano,Pariss,sparissdd@bbc.co.uk,73.129.66.235,#6f46ed,YV1622FS6C2062921,Hyundai,Accent,2006,24129.79,Czech Republic,Týnec
560,Alejoa,Poveleye,apoveleyefj@discovery.com,165.67.52.40,#ea79fa,3C4PDDEG9FT460043,Hyundai,Azera,2008,11607.56,Poland,Złoty Stok
600,Ezekiel,Morriarty,emorriartygn@xinhuanet.com,196.126.238.57,#eedad0,1C3CDZCB9DN297799,Hyundai,Azera,2008,18203.75,Czech Republic,Habry
668,Augustine,Murfett,amurfettij@apache.org,10.185.87.127,#27b592,5NPDH4AEXBH533166,Hyundai,Genesis,2009,1489.55,Czech Republic,Velké Bílovice
744,Brook,Maling,bmalingkn@ustream.tv,218.96.249.226,#5cd826,SALFR2BN3CH239657,Hyundai,Sonata,2007,87557.69,Poland,Niedzica
791,Dillon,Goolden,dgooldenly@ibm.com,98.10.45.205,#9882e2,1FMEU6FE6AU564822,Hyundai,Santa Fe,2006,38452.21,Czech Republic,Prachatice
846,Reg,Topping,rtoppingnh@pagesperso-orange.fr,232.85.187.214,#52def9,JN8AS5MT0BW729667,Hyundai,Elantra,2009,98188.28,Czech Republic,Křížová
854,Karlik,Kevern,kkevernnp@google.com.hk,180.203.254.113,#7b1ce8,5TDBK3EH4DS741046,Hyundai,Elantra,2011,2283.22,Czech Republic,Buštěhrad
859,Ingmar,Bettis,ibettisnu@mediafire.com,246.233.175.150,#4cd33c,WAUMF98P06A214847,Hyundai,Azera,2009,18176.17,Poland,Gwoźnica Górna
900,Lavina,Nieass,lnieassoz@oracle.com,161.210.226.255,#673e12,SCBBR53WX6C362407,Hyundai,Accent,2012,2478.54,Poland,Dobre Miasto
931,Dagmar,Moodycliffe,dmoodycliffepu@cisco.com,230.189.241.167,#019143,KNADH4A38B6595431,Hyundai,Accent,2002,46633.87,Poland,Strzelce
973,Jolie,Lilywhite,jlilywhiter0@sphinn.com,110.56.3.212,#67faf4,1GYS3DEF2ER559552,Hyundai,Scoupe,1994,66626.90,Poland,Czerwonak
