id,first_name,last_name,email,ip_address,color,car_vin,car_company,car_model,car_model_year,car_price,country,city,date12,Brannon,Dexter,bdexterb@mozilla.com,242.111.242.135,#1906e0,1G6DS57VX90897709,Cadillac,Escalade ESV,2007,28270.94,Poland,Rozwadza
60,Ryan,Drane,rdrane1n@ucla.edu,113.128.203.179,#6354b6,WBA5M6C5XED138968,Cadillac,CTS,2011,25636.62,Poland,Szydłowo
70,Linn,Louche,llouche1x@harvard.edu,241.31.139.134,#b56ebc,1B3CB2HA2AD242557,Cadillac,CTS-V,2009,33447.26,Poland,Miejska Górka
90,Anita,Gibbin,agibbin2h@lulu.com,55.240.206.240,#4e4639,3MZBM1L72EM306808,Cadillac,CTS,2004,84373.48,Poland,Łopuszna
182,Selia,Delf,sdelf51@wordpress.org,239.231.27.205,#926eff,WAUGU44D43N075201,Cadillac,Eldorado,1995,52003.13,Poland,Wilków
204,Kassey,Jehu,kjehu5n@squarespace.com,19.45.135.14,#148cb1,WVGBF7A97AD498149,Cadillac,CTS-V,2007,30692.81,Poland,Praga Północ
230,Isidoro,Stockney,istockney6d@baidu.com,71.77.214.117,#1f2a96,3D73Y4HL5AG181322,Cadillac,Escalade EXT,2004,81035.43,Poland,Małkinia Górna
296,Drugi,Scurrey,dscurrey87@opera.com,138.46.92.46,#f30ea4,1GD01XEG5FZ282339,Cadillac,SRX,2009,28145.95,Poland,Jonkowo
332,Chrysler,Winchcombe,cwinchcombe97@jigsy.com,157.252.199.163,#2eb982,WA1WMBFE9DD812581,Cadillac,Escalade,2008,17720.70,Denmark,København
453,Erastus,Charpin,echarpinck@cisco.com,19.226.186.181,#5eb88a,1G6KD57Y06U694523,Cadillac,Escalade EXT,2003,97983.31,Germany,Köln
573,Charin,Gotch,cgotchfw@topsy.com,31.126.90.122,#ac04c6,WVWED7AJ9DW454308,Cadillac,Escalade,2006,59530.40,Czech Republic,Hostomice
575,Derek,Fell,dfellfy@odnoklassniki.ru,68.239.166.160,#284e74,WAUAF78E57A216018,Cadillac,Escalade EXT,2012,4916.34,Czech Republic,Vřesina
614,Ferdinand,Wethered,fwetheredh1@php.net,108.5.13.188,#08ea45,WBADT53492C781846,Cadillac,DeVille,1993,3635.44,Czech Republic,Řehlovice
664,Richmond,Gartin,rgartinif@smh.com.au,150.231.78.143,#aa7c7a,1G6EL12Y71B193231,Cadillac,DeVille,2003,69314.01,Poland,Połajewo
685,Wayne,Ainslee,wainsleej0@tamu.edu,245.73.253.149,#993abd,W04GU5GC6B1388214,Cadillac,Seville,2000,10923.46,Poland,Licheń Stary
700,Hendrika,Henzer,hhenzerjf@earthlink.net,66.26.160.212,#bab7bb,1C4SDJCT5FC458360,Cadillac,SRX,2009,56724.53,Poland,Siemianowice Śląskie
723,Lou,Spittle,lspittlek2@google.cn,7.89.74.148,#64a2a1,WBAEH13567C622572,Cadillac,Eldorado,2001,19680.87,Poland,Włoszczowa
836,Porty,Hamber,phambern7@slashdot.org,25.55.104.53,#dfffeb,WAUMGAFL0EA647324,Cadillac,Seville,2004,58204.20,Czech Republic,Jistebnice
848,Bertine,Rispen,brispennj@hhs.gov,166.238.198.27,#e1ec7b,JTHBL1EF5A5204900,Cadillac,Escalade ESV,2009,67009.11,Denmark,København
867,Irving,Schult,ischulto2@etsy.com,205.233.61.28,#efc402,2FMDK3AK5CB018390,Cadillac,Seville,2003,33537.49,Poland,Borne Sulinowo
974,Nil,Broggio,nbroggior1@sourceforge.net,84.124.154.88,#989264,KMHFC4DD4BA315334,Cadillac,Fleetwood,1993,97896.49,Czech Republic,Darkovice
