id,first_name,last_name,email,ip_address,color,car_vin,car_company,car_model,car_model_year,car_price,country,city,date32,Cello,Carroll,ccarrollv@spotify.com,213.92.152.33,#e24e3a,JN8AZ1MU6CW935297,Mitsubishi,Truck,1987,67651.11,Poland,Oborniki Śląskie
66,Clementius,Naerup,cnaerup1t@tuttocitta.it,233.103.63.102,#75bf79,1GYS4JEF2DR071261,Mitsubishi,3000GT,1995,69929.29,Czech Republic,Krásná Lípa
80,Chariot,Kops,ckops27@mapquest.com,126.25.65.87,#93601f,WBAFR1C55BC272071,Mitsubishi,Montero,2001,19694.43,Poland,Ścinawa
124,Maxine,Sleath,msleath3f@gmpg.org,191.46.219.106,#3424eb,WA1LGAFE5ED933548,Mitsubishi,Raider,2006,67799.88,Poland,Skoczów
149,Julee,Gough,jgough44@ebay.co.uk,18.43.22.229,#87aa7a,5TFBW5F13CX770970,Mitsubishi,Outlander,2012,20062.34,Poland,Wąsosz
185,Melinde,Grimsdike,mgrimsdike54@about.com,178.79.124.46,#0543fc,1FTEX1C80AF812466,Mitsubishi,Endeavor,2006,91031.36,Poland,Jawornik Polski
236,Fidela,Morot,fmorot6j@sphinn.com,182.65.149.159,#033a8d,JTHKD5BH5E2436995,Mitsubishi,Endeavor,2010,13604.86,Czech Republic,Bohutín
272,Gregory,Farmiloe,gfarmiloe7j@myspace.com,35.7.201.117,#56b2f6,1GYEE23A290317227,Mitsubishi,Mirage,1985,68946.01,Czech Republic,Lysice
277,Burty,Rowswell,browswell7o@aboutads.info,76.225.67.25,#1a1d90,1GYS4GEF6BR688291,Mitsubishi,Mirage,1989,30618.20,Poland,Golina
281,Forbes,Haliburn,fhaliburn7s@icq.com,30.109.153.66,#fe6e3c,WAUVT58E75A797369,Mitsubishi,Montero,2005,19069.70,Poland,Zagórnik
340,Berny,Jereatt,bjereatt9f@php.net,80.188.172.239,#afda2e,SCBLF44J39C915414,Mitsubishi,Lancer,2004,48645.33,Poland,Kobylanka
354,Vi,Ogilvie,vogilvie9t@yandex.ru,83.96.144.114,#1e6d7e,3VW507AT2FM463610,Mitsubishi,GTO,1999,82712.62,Poland,Przelewice
442,Damien,Hingeley,dhingeleyc9@tumblr.com,115.218.94.51,#6c64f1,WAULT58E55A309706,Mitsubishi,Mirage,1990,75669.99,Poland,Jonkowo
461,Lenora,Dymick,ldymickcs@businesswire.com,162.204.7.157,#0d386e,1FTSX2B58AE390940,Mitsubishi,Eclipse,2008,60875.66,Poland,Wodzierady
474,Jack,Wetherell,jwetherelld5@so-net.ne.jp,182.74.238.120,#500e59,WAU3FAFR3AA975656,Mitsubishi,Truck,1995,16530.55,Czech Republic,Karolinka
484,Maynard,Rabson,mrabsondf@e-recht24.de,217.148.1.146,#d4d13a,SCFEBBDL8EG492602,Mitsubishi,Expo,1993,44918.65,Poland,Miasteczko Śląskie
496,Engracia,McConigal,emcconigaldr@economist.com,192.221.245.52,#3ab50c,KMHTC6AD1DU270115,Mitsubishi,Lancer Evolution,2005,47392.84,Germany,Berlin
501,Haven,Leafe,hleafedw@livejournal.com,9.135.206.218,#db5bc9,WAUBNBFB4AN689797,Mitsubishi,Starion,1987,90774.68,Poland,Oborniki Śląskie
518,Ronnie,Reville,rrevilleed@e-recht24.de,71.195.74.151,#98fd16,WAUEH78E17A803568,Mitsubishi,Raider,2006,30250.68,Czech Republic,Uherský Ostroh
529,Inge,Gummary,igummaryeo@github.com,171.26.33.125,#740f37,JA32X2HU2BU735127,Mitsubishi,Truck,1996,23585.47,Czech Republic,Dolní Lhota
532,Graehme,Trow,gtrower@ehow.com,76.126.31.158,#bee854,1G6DL8ED0B0041804,Mitsubishi,Eclipse,1995,12423.75,Poland,Strzelin
540,Mignonne,Duberry,mduberryez@cbc.ca,207.251.252.74,#d2bbab,5N1AA0NCXEN690091,Mitsubishi,Endeavor,2010,75776.61,Poland,Ochla
578,Bianka,Dunford,bdunfordg1@is.gd,252.215.226.204,#f715db,WAUKH94F07N082312,Mitsubishi,Mirage,1993,23504.15,Poland,Lubasz
626,Gale,Cardon,gcardonhd@yolasite.com,150.169.159.29,#48db76,WAUNF78P76A958955,Mitsubishi,Raider,2008,19402.45,Poland,Tarłów
629,Elston,Perrygo,eperrygohg@homestead.com,53.191.167.97,#1568a9,1G6AM5S31F0988575,Mitsubishi,Starion,1984,55346.91,Poland,Widuchowa
644,Essa,Pamphilon,epamphilonhv@mysql.com,45.140.26.241,#289ccc,WBACN53481L549243,Mitsubishi,Pajero,2005,78651.13,Poland,Lubasz
650,Sherm,Prevett,sprevetti1@nature.com,242.155.58.172,#97bc5c,JN1AJ0HP7AM004952,Mitsubishi,Pajero,1988,88876.44,Poland,Bodzechów
662,Valentia,Culkin,vculkinid@barnesandnoble.com,186.188.69.253,#edce01,3D73Y3CL1AG102536,Mitsubishi,Montero Sport,2003,10997.24,Poland,Czerniewice
687,Nicoli,Traves,ntravesj2@pbs.org,23.11.209.173,#52460c,3VW507AT9EM432711,Mitsubishi,Pajero,1993,87775.12,Poland,Namysłów
691,Carling,Wyke,cwykej6@seattletimes.com,170.139.150.129,#50cd80,WAUKFAFL9DN682154,Mitsubishi,GTO,1995,5804.80,Poland,Żernica
695,Aleda,Muirhead,amuirheadja@bloomberg.com,35.247.64.104,#b478e4,KM8JT3AB3DU734364,Mitsubishi,Lancer,2004,25092.29,Denmark,København
736,Bryan,Thiolier,bthiolierkf@delicious.com,183.200.133.169,#e3825f,WBA3N9C54EK059510,Mitsubishi,Pajero,2002,40611.47,Czech Republic,Bílovec
810,Cathrine,Baysting,cbaystingmh@slashdot.org,127.42.205.62,#555fa6,1FTWW3DY2AE410486,Mitsubishi,GTO,1997,54508.40,Poland,Izbicko
814,Adria,Kmiec,akmiecml@forbes.com,108.75.144.161,#af68ea,KMHCM3AC0BU954573,Mitsubishi,Lancer Evolution,2011,48174.13,Poland,Mirów
823,Iona,Hurdidge,ihurdidgemu@craigslist.org,5.11.204.5,#fd1967,JTHBC1KS7B5733378,Mitsubishi,Challenger,1999,24182.93,Poland,Latowicz
856,Neddy,Danihelka,ndanihelkanr@cmu.edu,210.3.20.110,#a95560,1FTEX1CM0CF350961,Mitsubishi,Truck,1992,26599.44,Poland,Wilkowice
880,Morlee,Blacklawe,mblacklaweof@domainmarket.com,251.250.227.153,#7a1d81,2HNYD28267H388036,Mitsubishi,Endeavor,2009,4000.68,Czech Republic,Sezemice
895,Barnett,Britcher,bbritcherou@blog.com,43.219.219.175,#33d7a0,1GYS4HEF4CR449006,Mitsubishi,Starion,1984,73629.88,Poland,Żarki-Letnisko
927,Kareem,Rheam,krheampq@unblog.fr,239.86.70.84,#755613,WBA6B8C58FD828998,Mitsubishi,Eclipse,1999,86159.35,Poland,Wysoka
936,Paxton,Romme,prommepz@arstechnica.com,57.101.216.153,#4dbe83,1FBNE3BL4BD056729,Mitsubishi,Pajero,1988,42986.39,Poland,Obryte
983,Andrus,Sutterby,asutterbyra@godaddy.com,160.244.236.27,#b422c6,1FTWX3D57AE721169,Mitsubishi,Mirage,1988,88972.98,Denmark,København
997,Angy,Tait,ataitro@ustream.tv,158.170.176.89,#3a4344,5GAKRAED6CJ976705,Mitsubishi,Montero,1999,14036.44,Poland,Mosina
